NAGROBKI;NA-01;VANGA;190x80;/static/images/n1.jpg
NAGROBKI;NA-02;JUPARANA & SZWED;190x81;/static/images/n2.jpg
NAGROBKI;NA-03;PARADISO;190x85;/static/images/n3.jpg
NAGROBKI;NA-04;JUPARANA;190x83;/static/images/n4.jpg
NAGROBKI;NA-05;JUPARANA;190x83;/static/images/n5.jpg
NAGROBKI;NA-06;JUPARANA;190x83;/static/images/n6.jpg
NAGROBKI;NA-07;BRĄZ KRÓLEWSKI & TOŁKOWSKI;190x83;/static/images/n8.jpg
KSIAZKI;KS-01;IMPALA;35x50;/static/images/k1.jpg
KSIAZKI;KS-02;VANGA;35x50;/static/images/k2.jpg
KSIAZKI;KS-03;PARADISO;35x50;/static/images/k3.jpg
KSIAZKI;KS-04;SZWED;35x50;/static/images/k4.jpg
BLATY;BL-05;GNEJS;160x60;/static/images/b1.jpg


